,#,title,subject,start_date,year,page_views_nov_2015,notes_to_self,year_1_mores,Unnamed: 8
0,1,"Denk bloß nicht, ich heule","CA, 1990-",30 September,2012‎,83,film,,
1,2,Charles Duncan (GC),"BDP, M",19 November,2007‎,48,mil,,
2,3,USS Clamour (AM-160),HIST,16 July,2007,72,MIL,,
3,4,Fire: The Jimi Hendrix Collection,"CA, 1991+",7 June,2010‎,367,pop music,,
4,5,Anthony McFarland,"BLP, M",1 January,2006‎,4887,sport,,
5,5,Dearborn-Massar,"CA, 1990-",12 August,2015‎,55,art (photos),,
6,6,Pot-in-pot,BUS,31 December,2005‎,135,other (ag),,
7,7,Zhang Taofang,"BDP, M",14 July,2008‎,2241,mil,,
8,8,Coleophora impercepta,BHM,15 June,2011‎,29,,,
9,9,"Jawornik, Sanok County","GEO, E",9 October,2008‎,49,EE POL,,
10,10,Nové Mlýny reservoirs,"GEO, E",4 January,2011‎,124,EE CZ,,
11,11,Všešportový areál,SOC,4 February,2006‎,132,sport,,
12,12,Zashiversk,"GEO, E",9 July,2006‎,146,FSU RUS,,
13,13,Sculptor Galaxy,SCI,12 September,2004‎,1423,,,
14,14,Valea Celții River,"GEO, E",11 December,2007‎,18,EE ROM,,
15,15,Silver-throated bushtit,BHM,3 May,2012‎,83,bird,,
16,16,Xavier University Bhubaneswar,SOC,3 November,2015‎,167,school,,
17,17,Louis Tussaud,"BDP, M",14 May,2006‎,565,bus,,
18,18,Joseph Ginat,"BDP, M",11 February,2011‎,83,gov,,
19,19,Lichnowo,"GEO, E",7 January,2009‎,23,EE POL,,
20,20,I Want Your Soul,"CA, 1991+",3 October,2007‎,339,pop music,,
21,21,Bolnisi inscriptions,"CA, 1990-",13 November,2014‎,109,other,,
22,22,Some Stupid with a Flare Gun,"CA, 1991+",30 June,2014‎,179,pop music,,
23,23,Tamil Mirror,BUS,22 April,2012‎,106,media,,
24,24,David Womark,"BLP, M",17 June,2014‎,175,film,,
25,25,Gmina Zakroczym,"GEO, E",2 January,2008‎,61,EE POL,,
26,26,Tadaoka Station,"GEO, E",19 June,2008‎,61,ASIA JAP,,
27,27,Cass Business School,SOC,20 March,2005‎,3310,school,,
28,28,Lane,SOC,1 June,2004‎,6672,other,,
29,29,Hmong Today,BUS,18 March,2012‎,92,media,,
30,30,Deviation of a local ring,SCI,26 December,2012‎,38,,,
31,31,Philipp Andreas Nemnich,"BDP, M",29 January,2010‎,59,writer,,
32,32,Willow Creek (Columbia River),"GEO, W",15 September,2010‎,87,USW,,
33,33,"First Presbyterian Church (Lapwai, Idaho)",HIST,26 March,2013‎,29,NRHP,,
34,34,Esso Longford gas explosion,BUS,19 October,2005‎,920,other (accident),,
35,35,Sanjay's Super Team,"CA, 1991+",28 April,2015,16531,film,,
36,36,Place name origins,SOC,24 September,2004‎,2522,other,,
37,37,Mirat ul Memalik,"CA, 1990-",25 April,2008‎,211,lit,,
38,38,LPAR6,BHM,26 November,2007‎,268,,,
39,39,Gear bearing,SCI,2 August,2014‎,346,,,
40,40,Index of biological integrity,BHM,15 October,2007‎,595,,,
41,42,Aruna Gunawardene,"BLP, M",1 May,2006‎,40,sport,,
42,43,Wings Financial Credit Union,BUS,13 July,2009‎,341,company (Finance),,
43,44,Empress Xia (Ming dynasty),"BDP, F",27 October,2011‎,80,gov,,
44,45,José del Castillo (footballer),"BLP, M",3 October,2011‎,80,sport,,
45,46,Khalaj Mahalleh,"GEO, E",12 November,2013‎,32,ME IRAN,,
46,47,Scott Burns (newspaper columnist),"BLP, M",10 February,2008‎,414,writer,,
47,48,Westwood Secondary School,SOC,2 January,2006‎,168,school,,
48,49,Kegham Vanigian,"BDP, M",19 September,2013‎,58,gov,,
49,50,Richard Brooker,"BDP, M",23 April,2006‎,1748,actor,,
50,51,Ricardo Medina,"BLP, M",26 June,2009‎,101,sport,,
51,52,"Patrick Jenkin, Baron Jenkin of Roding","BLP, M",5 July,2004‎,533,gov,,
52,53,"Liechtenstein referendums, 2002",HIST,10 January,2012‎,51,POL,,
53,54,Ahmad Salim,"BLP, M",20 November,2007,163,writer,,
54,55,Salina Bookshelf,BUS,12 July,2012‎,61,media,,
55,56,Billy Disch,"BDP, M",19 October,2006‎,168,sports,,
56,57,Giorgio Calcaterra,"BLP, M",27 April,2012‎,144,sport,,
57,58,New Zealand International Science Festival,SCI,7 June,2008‎,44,,,
58,59,CA-Modern,"CA, 1991+",22 March,2012‎,113,other (magazine-architecture),,
59,60,Adam Lam,"BLP, M",9 June,2011,81,sport,,
60,61,Economy of Jordan,SOC,25 February,2002‎,4816,other,,
61,62,Juned,"CA, 1991+",10 February,2012‎,176,pop music,,
62,63,Transport in Swaziland,SOC,25 February,2002‎,402,other,,
63,64,Carlos Pita (politician),"BLP, M",4 April,2013‎,71,gov,,
64,65,Pacifism in Spain,HIST,31 March,2007‎,296,POL,,
65,66,Petrok Maly,"BDP, M",3 December,2006‎,154,art,,
66,67,Ettore Gandini,"BLP, M",17 June,2010‎,57,sport,,
67,68,Asklepios Kliniken,BUS,1 November,2015‎,109,company (health),,
68,69,Hangtown fry,SOC,12 April,2007,1090,other,,
69,70,Quentin N. Burdick,"BDP, M",31 December,2004‎,446,gov,,
70,71,Iglesia de Santa María del Conceyu (Llanes),SOC,1 June,2010‎,36,religion,,
71,72,White Run (Rock Creek),"GEO, W",5 December,2011‎,35,USE,,
72,73,"Migrant Workers (Supplementary Provisions) Convention, 1975",HIST,15 March,2006‎,174,GOVT,,
73,74,Civil parishes in England,HIST,9 May,2004‎,5177,GOVT,,
74,75,WHBB,BUS,19 January,2008‎,141,media,,
75,76,1957–58 Boston Celtics season,SOC,8 June,2012‎,392,sport,,
76,77,"Bobby Parker (footballer, born 1952)","BLP, M",27 May,2010‎,102,sport,,
77,78,Shire of Upper Murray,"GEO, E",5 March,2008‎,41,OZ,,
78,79,Indianapolis Power & Light,BUS,6 February,2005‎,765,company (utility),,
79,80,"Kukowo, Podlaskie Voivodeship","GEO, E",29 July,2008‎,38,EE POL,,
80,81,Wai Ren,"BDP, M",30 November,2006‎,167,GOVT,,
81,82,Vilar de Mouros Festival,"CA, 1990-",27 September,2007‎,290,pop music,,
82,83,Re Tuck's Settlement Trusts,HIST,10 March,2012‎,602,GOVT,,
83,84,Cleis Press,BUS,19 November,2007‎,387,media,,
84,85,"Ajjanahalli, Arsikere","GEO, E",30 April,2009‎,49,ASIA INDIA,,
85,86,2014 Copa del Sol,SOC,27 January,2014‎,158,sport,,
86,87,Ingmar Lazar,"BLP, M",9 September,2007‎,128,music,,
87,88,Kosagawa Station,"GEO, E",29 October,2006‎,37,ASIA JAP,,
88,89,Roza Robota,"BDP, F",18 June,2005‎,755,mil,,
89,90,Land lot,SOC,4 September,2006‎,3890,other,,
90,91,Richard Arkwright,"BDP, M",7 September,2003‎,7459,bus,,
91,92,Solar charger,SCI,8 June,2008‎,2438,,,
92,93,Avianca Flight 011,BUS,13 June,2004‎,1896,other (accident),,
93,94,Toroidal inductors and transformers,SCI,31 December,2007‎,4810,,,
94,95,Sexx Laws,"CA, 1991+",7 August,2006‎,2668,pop music,,
95,96,Hehekou Township,"GEO, E",18 August,2011‎,39,ASIA CHINA,,
96,97,Bithynia pygmaea,BHM,23 March,2014‎,24,,,
97,98,Hypatius (consul 500),"BDP, M",1 July,2005‎,492,gov,,
98,99,Nappa Merrie,"GEO, E",20 May,2013‎,174,OZ,,
99,100,Suns in alchemy,SOC,6 November,2006‎,1852,other,,
100,101,Cielądz,"GEO, E",22 August,2008‎,30,EE POL,,
101,102,Mary River National Park,"GEO, E",26 May,2002‎,153,OZ,,
102,103,Hymenula affinis,BHM,16 June,2007,40,,,
103,104,The Poetry Collection,"CA, 1990-",7 February,2006‎,52,lit (library),,
104,105,Altônia,"GEO, W",25 December,2009‎,84,SA,,
105,106,Spot beam,SCI,21 May,2003‎,715,,,
106,107,German submarine U-821,HIST,6 July,2006‎,160,MIL,,
107,108,Leucas aspera,BHM,22 April,2012‎,700,,,
108,109,Savore Sanguino,SOC,17 May,2009‎,141,other,,
109,110,The GrooveGrass Boyz,"CA, 1990-",22 August,2008‎,111,pop music,,
110,111,Acilius (genus),BHM,28 April,2008‎,99,,,
111,112,Undule Mwakasungula,"BLP, M",3 September,2011‎,56,govt (pol),,
112,113,Charles J. O'Malley,"BDP, M",21 January,2011‎,48,bus,,
113,114,Operation Web Tryp,HIST,3 September,2004‎,395,GOVT,,
114,115,Andamia tetradactylus,BHM,21 May,2010‎,46,,,
115,116,Bolandra californica,BHM,11 December,2008,47,,,
116,117,Marshal of Bolivia,HIST,19 November,2007‎,95,MIL,,
117,118,Cyffylliog,"GEO, E",15 April,2013‎,120,GB WALES,,
118,119,Hermética,"CA, 1990-",7 May,2006‎,388,pop music,,
119,120,1963 WCHA Men's Ice Hockey Tournament,SOC,20 June,2014‎,35,sport,,
120,121,Pseudamnicola brachia,BHM,23 August,2014,37,,,
121,122,Dmitry Grigorovich,"BDP, M",8 November,2006‎,337,art,,
122,123,Laura Kraut,"BLP, F",18 August,2008‎,286,sport,,
123,124,Mesa Grande Band of Diegueno Mission Indians,SOC,27 May,2010‎,203,other,,
124,125,Flodafors,"GEO, E",30 May,2004‎,38,WE SWEDE,,
125,126,Sabotage (2014 film),"CA, 1991+",9 November,2012‎,15190,film,,
126,127,Perai,"GEO, E",24 June,2006‎,489,ASIA MALAY,,
127,128,John Navarre,"BLP, M",15 December,2005‎,930,sport,,
128,129,Namdeo Jadav,"BDP, M",27 November,2004‎,226,mil,,
129,130,José Antonio Noriega,"BLP, M",20 March,2010‎,220,sport,,
130,131,Dark Shadows by Marilyn Ross,"CA, 1990-",26 November,2014,118,Lit,,
131,132,1925 Florida Gators football team,SOC,26 August,2007‎,134,sport,,
132,133,Cunningham Communication,BUS,29 May,2013,118,media (PR),,
133,134,"Bénouville, Seine-Maritime","GEO, E",23 February,2008‎,132,WE FR,,
134,135,Kincardine O'Neil,"GEO, E",7 May,2007‎,125,GB,,
135,136,Sophocles Sophocleous,"BLP, M",15 May,2014‎,60,gov,,
136,137,University Hospital Crosshouse,BHM,30 July,2007‎,195,,,
137,138,Alan Ford (actor),"BLP, M",17 November,2004‎,5827,actor,,
138,139,Periyavalayam,"GEO, E",15 August,2009‎,32,ASIA INDIA,,
139,140,Alex Chmurski,"BDP, M",5 August,2013‎,37,gov,,
140,141,Artemus Gates,"BDP, M",9 November,2005,321,mil,,
141,142,Little Tail Story,"CA, 1991+",3 July,2014‎,779,Comp game,,
142,143,Sambucus gaudichaudiana,BHM,15 July,2008‎,157,,,
143,144,Planets (Eloy album),"CA, 1990-",6 August,2015‎,402,pop music,,
144,145,Diriye Osman,"BLP, M",29 August,2013‎,301,writer,,
145,146,2012 Città di Caltanissetta – Singles,SOC,3 June,2012‎,33,sport,,
146,147,Freels Farm Mounds,HIST,8 December,2012‎,54,OTHER,,
147,148,Zabojnica,"GEO, E",24 September,2011‎,44,EE SERB,,
148,149,Unnikrishnan Thiruvazhiyode,"BLP, M",18 April,2014‎,161,writer,,
149,150,Lullington Heath,"GEO, E",9 November,2008‎,85,GB,,
150,151,Łosośna Mała,"GEO, E",31 July,2008,35,EE POL,,
151,152,Lithuanian National Symphony Orchestra,"CA, 1990-",2 February,2011‎,180,classical music,,
152,153,Feel (Robbie Williams song),"CA, 1991+",8 October,2005‎,2328,pop music,,
153,154,Carnwath Farms Historic Site & Park,HIST,6 June,2015,39,OTHER,,
154,155,Phylis Smith,"BLP, F",14 September,2005‎,136,sport,,
155,156,Roman Catholicism in Ireland,SOC,25 September,2005‎,3544,religion,,
156,157,Sultans Trail,"GEO, E",31 May,2011‎,315,EE,,
157,158,Great Comet of 1823,SCI,19 December,2010‎,329,,,
158,159,Telemetry Orchestra,"CA, 1991+",15 March,2007‎,153,pop music,,
159,160,Lunt Silversmiths,BUS,16 August,2006‎,298,company (bankrupt),,
160,161,John Benger,"BDP, M",30 October,2013‎,43,gov,,
161,162,"Edosaki, Ibaraki","GEO, E",3 August,2004‎,105,ASIA JAP,,
162,163,Novi Pot,"GEO, E",19 March,2010‎,29,EE SLOV,,
163,164,Ruth Levitas,"BLP, F",27 July,2005,295,acad,,
164,165,The Breed Holds Good,"CA, 1990-",29 September,2014‎,36,Lit,,
165,166,Apparel industry of Sri Lanka,BUS,13 June,2010‎,1823,other (industry),,
166,167,1915 Quetzalcóatl,SCI,17 May,2008‎,72,,,
167,168,Zero divisor,SCI,9 January,2002‎,2388,,,
168,169,Maria Lähteenmäki,"BLP, F",2 November,2010‎,50,acad,,
169,170,Noob Saibot,"CA, 1991+",25 September,2004‎,7761,comp game,,
170,171,Antanimbary,"GEO, E",5 March,2008‎,34,AFRICA,,
171,172,"Aix, Nord","GEO, E",4 February,2008‎,132,WE FR,,
172,173,Pinakini satygraha Ashramam,"CA, 1990-",24 August,2013‎,32,other (yoga),,
173,174,1855 in Scotland,HIST,26 June,2013‎,178,OTHER,,
174,175,Avon Dassett,"GEO, E",19 November,2005‎,122,GB,,
175,176,Bureau of Civil Aviation Security,HIST,16 March,2014‎,263,GOVT,,
176,177,Pawansa,"GEO, E",20 October,2015‎,68,ASIA INDIA,,
177,178,Dete train crash,SOC,19 April,2006‎,101,other,,
178,179,Regional Elite Airline Services,BUS,11 February,2009‎,259,company (subsidiary),,
179,180,Biblical manuscript,SOC,16 May,2007,5273,religion,,
180,181,Ioan Pop,"BLP, M",3 November,2008‎,124,sports,,
181,182,Aeolian (album),"CA, 1991+",9 June,2007‎,475,pop music,,
182,183,William Barry Lord,"BDP, M",11 June,2007‎,48,mil,,
183,184,Ervil LeBaron,"BDP, M",1 October,2005‎,2778,religion,,
184,185,"Chris Brown (cricketer, born 1973)","BLP, M",13 January,2013‎,51,sports,,
185,186,Stornara,"GEO, E",4 August,2006‎,98,WE ITALY,,
186,187,Big Chill Super Chargers,SOC,17 February,2010‎,181,sport,,
187,188,Tom and Jerry: Blast Off to Mars,"CA, 1991+",14 August,2007‎,1210,film,,
188,189,English Narrows,"GEO, W",31 January,2013‎,68,SA,,
189,190,Whittier Boulevard,"GEO, W",4 June,2013‎,190,USW,,
190,191,Isolobodon,BHM,30 July,2007‎,81,,,
191,192,Yahudi Ki Ladki,"CA, 1990-",3 October,2012‎,164,Lit (play),,
192,193,Ulopeza denticulalis,BHM,9 March,2015‎,32,,,
193,194,"Tepe, Gülnar","GEO, E",24 April,2014‎,30,ME TURKEY,,
194,195,Canada's Worst Handyman 5,"CA, 1991+",17 April,2010‎,139,film (TV),,
195,196,Halo: Spartan Strike,"CA, 1991+",19 October,2014‎,8281,comp game,,
196,197,Kalfaret,"GEO, E",14 April,2008,131,WE NO,,
197,198,Fort Phantom Hill,HIST,28 July,2007‎,330,"MIL, NRHP",,
198,199,Eulaema,BHM,12 June,2008,223,,,
199,200,Senarclens,"GEO, E",21 March,2005,72,WE SWISS,,
200,201,"Symphony No. 1 ""The Lord of the Rings""","CA, 1990-",7 December,2007‎,671,classical music,,
201,202,2011 Conference USA football season,SOC,4 August,2011‎,111,sport,,
202,203,Mill Rift Hall,HIST,1 June,2012‎,100,NRHP,,
203,204,Waata Pihikete Kukutai,"BDP, M",3 February,2012‎,37,mil,,
204,205,Philipo Mulugo,"BLP, M",25 February,2013‎,101,gov,,
205,206,Freedom of religion in Cambodia,SOC,6 March,2008‎,255,religion,,
206,207,Old Seminary Building,HIST,2 December,2010‎,63,NRHP,,
207,208,The Burning Land,"CA, 1991+",10 January,2010‎,9170,Lit,,
208,209,Tim DeLaughter,"BLP, M",13 August,2004‎,1368,music,,
209,210,Dragoncharm,"CA, 1991+",4 October,2005‎,110,Lit,,
210,211,Ras Kass,"BLP, M",25 September,2004‎,4082,music,,
211,212,Ben Aronson,"BLP, M",27 September,2011,929,art,,
212,213,Xia Lina,"BLP, F",1 March,2010‎,43,sport,,
213,214,Afshjerd,"GEO, E",4 January,2013‎,30,ME IRAN,,
214,215,Karl Marx,"BDP, M",24 September,2001‎,145957,writer,,
215,216,A Frolic of His Own,"CA, 1991+",22 February,2006‎,810,Lit,,
216,217,David Hacker,"BLP, M",26 May,2012‎,63,sport,,
217,218,"Harsh, Sikar","GEO, E",1 July,2007‎,30,ASIA INDIA,,
218,219,"Salehabad, Ilam","GEO, E",27 December,2009‎,56,ME IRAN,,
219,220,Löffler's syndrome,BHM,20 October,2005,3054,,,
220,221,All-terrain tyre,BUS,4 October,2004‎,317,product,,
221,222,Peter Frei,"BLP, M",16 April,2012‎,73,sport,,
222,223,Vicente Romo,"BLP, M",9 November,2006‎,121,sport,,
223,224,"Wakakusa, Yamanashi","GEO, E",26 February,2007‎,40,ASIA JAP,,
224,225,Trinity Anglican Church (Ottawa),HIST,26 July,2015‎,53,OTHER,,
225,226,"Three States, Louisiana and Texas","GEO, W",27 October,2013‎,89,USW,,
226,227,A Mulher Invisível,"CA, 1991+",15 June,2011‎,238,film (TV),,
227,228,Military Merit Medal (Vietnam),HIST,12 July,2004‎,360,MIL,,
228,229,"Inverclyde Council election, 2007",HIST,17 January,2010‎,71,POL,,
229,230,"Beth Israel Synagogue (Norwalk, Connecticut)",HIST,23 February,2009‎,90,NRHP,,
230,231,Trzcianne,"GEO, E",29 December,2005‎,94,EE POL,,
231,232,Jeremy Robinson,"BLP, M",24 January,2007‎,1548,writer,,
232,233,Melanolycaena,BHM,9 December,2007‎,38,,,
233,234,Anup Ghoshal,"BLP, M",8 December,2008,570,music,,
234,235,John McCauley (referee),"BDP, M",11 December,2006‎,141,sports,,
235,236,City Charter High School,SOC,13 May,2006‎,245,school,,
236,237,Lincoln Holroyd,"BDP, M",3 December,2009‎,55,music,,
237,238,Piano Sonata Hob. XVI/34,"CA, 1990-",28 May,2013‎,255,classical music,,
238,239,Thomas Blanchet,"BDP, M",25 November,2008‎,92,art,,
239,240,Governing Council of the European Central Bank,HIST,1 December,2012‎,710,GOVT,,
240,241,Colachel,"GEO, E",2 July,2006‎,738,ASIA INDIA,,
241,242,Torab-e Vosta,"GEO, E",1 August,2013‎,178,ME IRAN,,
242,243,XV (album),"CA, 1991+",21 May,2008‎,431,pop music,,
243,244,"Candidates of the Australian federal election, 1913",HIST,16 November,2008‎,93,POL,,
244,245,Andy Warrington,"BLP, M",25 October,2006‎,285,sport,,
245,246,Golden Gate Baptist Theological Seminary,SOC,24 March,2006‎,444,school,,
246,247,English cricket team in the West Indies in 1989–90,SOC,20 July,2014‎,100,sport,,
247,248,1973 New York Jets season,SOC,28 October,2007‎,258,sport,,
248,249,Pat Fraley,"BLP, M",3 October,2005‎,1651,actor,,
249,250,Ralph Kohl,"BDP, M",7 January,2008‎,127,sport,,
250,251,Vartan Gregorian,"BLP, M",3 June,2005‎,1320,acad,,
251,252,David Hamilton (bishop),"BDP, M",23 September,2009‎,48,religion,,
252,253,Viljakkala,"GEO, E",5 July,2004‎,91,WE FIN,,
253,254,2011–12 NCAA Division I women's basketball rankings,SOC,31 October,2011‎,60,sport,,
254,255,Showgirl (album),"CA, 1991+",10 January,2006‎,157,pop music,,
255,256,"Rockwood, Tennessee","GEO, W",25 October,2002‎,577,USE,,
256,257,Petrograd formula,HIST,19 April,2007‎,53,MIL,,
257,258,Duncan Worsley,"BLP, M",1 October,2014‎,52,sport,,
258,259,Jason (high priest),"BDP, M",19 September,2006‎,730,religion,,
259,260,Andreas Farny,"BLP, M",21 October,2011‎,29,sports,,
260,261,Philippine Standard Time,SOC,11 May,2006‎,2320,other,,
261,262,Pro Arte Quartet,"CA, 1990-",27 November,2007‎,388,classical music,,
262,263,Andy Bor,"BLP, M",22 October,2012‎,78,sports,,
263,264,El valle de los miserables,"CA, 1990-",18 July,2014‎,65,film,,
264,265,"Seel, Central Java","GEO, E",13 September,2009‎,22,ASIA INDONESIA,,
265,266,Stig Hvalryg,"BLP, M",14 August,2013‎,57,music,,
266,267,Meyrignac-l'Église,"GEO, E",3 February,2008‎,53,WE FR,,
267,268,Francis G. Neylon,"BDP, M",11 April,2014‎,21,music,,
268,269,Dominic Douglas,"BLP, M",7 September,2009‎,59,sports,,
269,270,Drink offering,SOC,2 December,2005,226,religion,,
270,271,Carlos del Junco,"BLP, M",31 July,2007‎,386,music,,
271,272,Eltham College (Victoria),SOC,8 March,2006‎,156,school,,
272,273,2007 Munster Senior Hurling Championship Final,SOC,11 July,2009‎,76,sport,,
273,274,Tom James,"BLP, M",5 May,2007‎,521,sports,,
274,275,Darya Petrovna Saltykova,"BDP, F",15 August,2010‎,116,gov,,
275,276,Least yellow bat,BHM,9 July,2007‎,67,,,
276,277,Chruszczyna Wielka,"GEO, E",25 August,2008‎,41,EE POL,,
277,278,Maximum Collection (Max album),"CA, 1991+",24 February,2014‎,52,pop music,,
278,279,SBS World News,"CA, 1990-",1 September,2005‎,694,other (public broadcasting),,
279,280,Raja Khishtasub Khan,"BDP, M",23 March,2009‎,20,GOVT,,
280,281,Zuzana Geislerová,"BLP, F",14 December,2006‎,331,actor,,
281,282,Orobanche uniflora,BHM,8 September,2007‎,102,,,
282,283,Žač,"GEO, E",22 May,2010‎,42,EE KO,,
283,284,Castra of Sărățeni,HIST,7 December,2012‎,24,MIL,,
284,285,The Thibaults,"CA, 1990-",28 January,2013‎,409,Lit,,
285,286,2010 in Albanian television,"CA, 1991+",9 April,2015‎,55,Film & TV?,,
286,287,Minchina Ota (1980 film),"CA, 1990-",11 October,2009‎,617,film,,
287,288,Denny Lambert,"BLP, M",17 November,2006‎,155,sports,,
288,289,Don Davis (defensive tackle),"BLP, M",6 August,2014‎,119,sports,,
289,290,The Day of Reckoning (film),"CA, 1990-",27 December,2007,59,film,,
290,291,Spa-La Sauvenière Airport,SOC,12 February,2008‎,135,other,,
291,292,North American Lacrosse League,SOC,8 July,2011‎,193,sport,,
292,293,Advance Australia Party,HIST,15 March,2007‎,163,POL,,
293,294,Estoloides chamelae,BHM,25 July,2015‎,48,,,
294,295,Hillblazers,HIST,5 September,2008‎,47,POL,,
295,296,Wild Arms Music the Best -feeling wind-,"CA, 1991+",1 November,2006‎,91,pop music,,
296,297,Pelecanus tirarensis,BHM,27 April,2012‎,54,,,
297,298,Aircraft Mechanics Fraternal Association,SOC,6 March,2005‎,177,other,,
298,299,Kazi Farms Group,BUS,24 December,2012‎,329,company,,
299,300,Alberto Weretilneck,"BLP, M",1 January,2012‎,291,gov,,
300,301,Đống Đa District,"GEO, E",29 January,2008‎,212,ASIA VIET,,
301,302,2008 Mid-American Conference Baseball Tournament,SOC,7 June,2013‎,41,sport,,
302,303,"Morganville, New Jersey","GEO, W",22 October,2002‎,705,USE,,
303,304,Shelkovskaya,"GEO, E",21 February,2006‎,75,FSU RUS,,
304,305,Medina Dam,HIST,15 December,2004‎,172,NRHP,,
305,306,Hakkari Mountain and Commando Brigade,HIST,15 September,2010‎,510,MIL,,
306,307A,Schoenoplectus saximontanus,BHM,8 July,2010‎,61,"replaced 307 December 29, 2015",,
307,308,Wang Zhen's Former Residence,HIST,3 September,2014‎,23,OTHER,,
308,309,Nanodomain,BHM,11 June,2005‎,127,,,
309,310,"East Machias, Maine","GEO, W",20 October,2002‎,163,USE,,
310,311,Ali Hamid El-Aila,"BLP, M",4 May,2015‎,47,sports,,
311,312,Tezozomoctli (Cuauhtitlan),"BDP, M",27 July,2007‎,80,mil,,
312,313,Nierstein,"GEO, E",2 December,2005‎,297,WE GER,,
313,314,1989 TFL Statewide League season,SOC,19 September,2009,103,sport,,
314,315,LeGrand (band),"CA, 1991+",19 October,2005‎,43,pop music,,
315,316,Interpines sanitarium,BHM,30 December,2013‎,45,,,
316,317,1995–96 Cypriot Cup,SOC,20 November,2015‎,83,sport,,
317,318,Tropical Storm Amy (1975),SCI,25 August,2009‎,137,,,
318,319,WRSJ,BUS,12 June,2008‎,167,media (radio),,
319,320,Kosta Khetagurov,"BDP, M",12 September,2006‎,389,writer,,
320,321,Seung (Korean name),SOC,9 July,2013‎,301,other,,
321,322,Mars Bonfire,"BLP, M",15 February,2005‎,1403,music,,
322,323,Lola Dutronic Album 2 – The Love Parade,"CA, 1991+",16 July,2007,28,pop music,,
323,324,Lady Bunny,"BLP, F",20 September,2003‎,3435,music (drag queen),,
324,325,Jake Fey,"BLP, M",24 December,2012‎,73,gov,,
325,326,SPIC (Indian company),BUS,19 August,2005‎,569,company,,
326,327,The Dog (film),"CA, 1991+",11 March,2009‎,113,film,,
327,328,Vendetta... sarda,"CA, 1990-",1 August,2008‎,59,film,,
328,329,Special Division,HIST,9 August,2010‎,34,GOVT,,
329,330,Julia Castelló,"BLP, F",7 August,2013‎,72,sport,,
330,331,Mieke Wijaya,"BLP, F",17 May,2013‎,124,actor,,
331,332,1998 Pilot Pen International – Women's Singles,SOC,2 March,2010‎,43,sport,,
332,333,Timmis,BUS,11 June,2013‎,160,company,,
333,334,"Pensavo fosse amore, invece era un calesse","CA, 1991+",29 November,2013‎,138,film,,
334,335,Lucjan Kudzia,"BLP, M",28 June,2007‎,51,sports,,
335,336,"John Cougar, John Deere, John 3:16","CA, 1991+",25 June,2015‎,3794,pop music,,
336,337,"Night, Silence, Desert","CA, 1991+",3 June,2015‎,71,pop music (Iranian folk),,
337,338,I'm with Busey,"CA, 1991+",17 November,2004‎,605,film (TV),,
338,339,Anumanthan Kumar,"BLP, M",8 March,2014,113,sport,,
339,340,Karimabad-e Eskandari,"GEO, E",27 August,2013‎,62,ME IRAN,,
340,341,Netherlands at the 1976 Winter Olympics,SOC,17 October,2006‎,67,sport,,
341,342,Herpetogramma subalbescens,BHM,9 January,2015‎,37,,,
342,343,Lay Down My Pride,"CA, 1991+",8 June,2012‎,72,pop music,,
343,344,Fyvie railway station,"GEO, E",13 July,2008,42,GB,,
344,345,Semeljci,"GEO, E",10 December,2006‎,105,EE CRO,,
345,346,Vimana,"CA, 1990-",31 July,2003‎,5623,other (myth),,
346,347,Mikel Dunham,"BLP, M",18 July,2006‎,75,art,,
347,348,Myotis escalerai,BHM,12 February,2011‎,431,,,
348,349,Xingdong Station,"GEO, E",20 November,2011,100,ASIA CHINA,,
349,350,Andrea Blas,"BLP, F",29 July,2012‎,76,sport,,
350,351,Asaphocrita plagiatella,BHM,6 June,2013‎,24,,,
351,352,Leytonstone F.C.,SOC,13 March,2005‎,372,sport,,
352,353,Brodick Castle,HIST,12 September,2004‎,774,OTHER,,
353,354,Curad,BUS,6 July,2009‎,229,product,,
354,355,Felbenbach,"GEO, E",10 September,2011,46,WE GER,,
355,356,32nd Canadian Parliament,HIST,19 November,2004,636,GOVT,,
356,357,Jourgnac,"GEO, E",16 February,2008‎,75,WE FR,,
357,358,Dubai British School,SOC,5 May,2007‎,298,school,,
358,359,Piccadilly Circus (song),"CA, 1990-",13 November,2013‎,143,pop music,,
359,360,"Khushaat, Selenge","GEO, E",14 September,2007‎,38,ASIA MONGOL,,
360,361,Windrush (TV series),"CA, 1991+",24 January,2009‎,165,film (TV),,
361,362,Brutus2D,SCI,3 January,2007‎,91,,,
362,363,The Vic Theatre,"CA, 1990-",13 September,2007‎,562,other (theater??),,
363,364,Exceptia sisterina,BHM,29 August,2015‎,32,,,
364,365,Les Oreilles,"CA, 1991+",3 March,2012‎,50,film,,
365,366,"Osino, Nevada","GEO, W",3 August,2009‎,100,USW,,
366,367,Carbonicola,BHM,5 April,2008‎,118,,,
367,368,2006 Tour of the Basque Country,SOC,13 April,2006‎,98,sport,,
368,369,Edmund Hakewill-Smith,"BDP, M",30 October,2009‎,122,mil,,
369,370,Princess Isabella of Parma,"BDP, F",5 August,2006‎,1405,gov,,
370,371,.pm,SCI,3 December,2004‎,1005,,,
371,372,Qarabağ,"GEO, E",17 November,2008‎,269,FSU AZER,,
372,373,Still Falling in Love,"CA, 1990-",24 November,2010‎,65,pop music,,
373,374,Belarusian Popular Party,HIST,30 June,2013‎,43,POL,,
374,375,Ross Skiffington,"BLP, M",13 August,2008‎,70,actor,,
375,376,Peavine Metis Settlement,"GEO, W",13 August,2009‎,145,CANADA,,
376,377,Minuscule 514,"CA, 1990-",15 December,2009‎,25,Lit (biblical),,
377,378,Eugene A. Besson,"BDP, M",8 December,2009‎,50,gov,,
378,379,Dar Chaffai,"GEO, E",21 June,2012,251,N AFR MOR,,
379,380,Gros Horloge,"CA, 1990-",12 June,2013‎,498,other (clock),,
380,381,Chailly-en-Gâtinais,"GEO, E",17 February,2008‎,85,WE FR,,
381,382,Cotts baronets,SOC,19 July,2007‎,81,other,,
382,383,Killing of Moshe Barsky,HIST,14 October,2014‎,122,OTHER,,
383,384,Why Is the Crow Black-Coated,"CA, 1990-",23 December,2006‎,114,film,,
384,385,Leibis-Lichte Dam,"GEO, E",10 March,2011‎,196,WE GER,,
385,386,Harry Field (rugby league),"BDP, M",22 April,2009‎,52,sports,,
386,387,Xhevdet Llumnica,"BLP, M",26 September,2008‎,72,sports,,
387,388,"20,000 Watt R.S.L.","CA, 1991+",6 September,2005‎,607,pop music,,
388,389,Fresh Aire Interludes,"CA, 1990-",6 December,2011‎,137,pop music,,
389,390,Indian Pentecostal Church of God,SOC,13 October,2005‎,827,religion,,
390,391,Anfinn Øien,"BLP, M",8 September,2015‎,42,music,,
391,392,Achhalda,"GEO, E",24 June,2006‎,83,ASIA INDIA,,
392,393,USS Morris (1778),HIST,31 October,2008‎,150,MIL,,
393,394,"Eğerlibaşköy, Kızılcahamam","GEO, E",13 July,2012‎,52,ME TURKEY,,
394,395,11th Alpini Regiment,HIST,11 May,2007‎,100,MIL,,
395,396,Tinissa cultellata,BHM,12 October,2012‎,26,,,
396,397,"Genuiyeh, Dashtab","GEO, E",11 March,2013‎,43,ME IRAN,,
397,398,Chalalan,"GEO, W",27 August,2006‎,120,SA,,
398,399,"Aliabad, Esfarayen","GEO, E",29 April,2012‎,44,ME IRAN,,
399,400,Give-and-go,SOC,26 August,2009‎,238,sport,,
400,401,Dominique Fred,"BLP, M",9 March,2013‎,115,sports,,
401,402,Dolby Theatre,"CA, 1991+",1 March,2004‎,5816,film (theater?),,
402,402a,Life imprisonment in Poland,HIST,29 August,2009‎,85,GOVT,,
403,403,Branco River (São Paulo),"GEO, W",10 August,2009‎,403,SA,,
404,404,1995 3. Divisjon,SOC,15 August,2010‎,86,sport,,
405,405,Inoxydable,"CA, 1991+",21 March,2012‎,99,pop music,,
406,406,Bruno Riem,"BDP, M",14 July,2012‎,43,sports,,
407,407,Amarillo Independent School District,HIST,6 March,2006‎,248,GOVT,,
408,408,2011–12 FC Politehnica Timișoara season,SOC,8 July,2011‎,97,sport,,
409,409,Prostitution in Europe,SOC,26 May,2008‎,6423,other,,
410,410,Hayato Nakamura,"BLP, M",1 December,2012‎,54,sports,,
411,411,Anti-Cigarette League of America,SOC,19 August,2009‎,149,other,,
412,412,"Valencian parliamentary election, 2007",HIST,27 July,2009‎,97,POL,,
413,413,Takeshi Konomi,"BLP, M",12 March,2006‎,695,writer,,
414,414,Marathon de La Rochelle,SOC,30 November,2011‎,163,sport,,
415,415,"Jamnice, Czech Republic","GEO, E",22 July,2013‎,53,EE CZ,,
416,416,Abba Kompaneyets,"BDP, M",4 February,2013‎,40,actor,,
417,417,Dennis Irwin,"BDP, M",1 August,2006‎,408,music,,
418,418,Tierra de Nadie (Barón Rojo album),"CA, 1990-",16 August,2013‎,74,pop music,,
419,419,Mo Dutta,"BLP, M",31 October,2005‎,199,actor,,
420,420,Villa Cariño está que arde,"CA, 1990-",11 March,2007‎,33,film,,
421,421,"Cholest-5-ene-3beta,7alpha-diol 3beta-dehydrogenase",BHM,24 October,2007,44,,,
422,422,We Got Hood Love,"CA, 1991+",6 April,2010‎,199,pop music,,
423,423,Hit 'Em Up Style (Oops!),"CA, 1991+",17 May,2006‎,1238,pop music,,
424,424,Humanitas Prize,"CA, 1990-",22 November,2005‎,813,film & tv,,
425,425,Collared puffbird,BHM,16 November,2005,127,,,
426,426,Sewage,SOC,17 February,2003‎,10428,other,,
427,427,Source Sans Pro,BUS,3 August,2012‎,1602,product (other - typeface??),,
428,428,44th Infantry Brigade (United Kingdom),HIST,11 April,2008‎,136,MIL,,
429,429,VP8,SCI,13 October,2008‎,4970,,,
430,430,Viktória Kužmová,"BLP, F",13 September,2015‎,113,sport,,
431,431,Iaitō,SOC,17 August,2004‎,2157,sport,,
432,432,Cercina,"GEO, E",4 May,2010‎,77,WE ITALY,,
433,433,National Security Council (United Kingdom),HIST,12 May,2010,1504,GOVT,,
434,434,Times Community Media,BUS,7 June,2007‎,104,media (newspapers),,
435,435,Peter Bramley (cricketer),"BDP, M",26 April,2008‎,52,sports,,
436,436,"Feathers Hotel, Ludlow",HIST,4 July,2011‎,248,OTHER,,
437,437,KNAU,"CA, 1990-",7 November,2007‎,232,radio,,
438,438,"Myki, Greece","GEO, E",4 August,2006,131,WE GR,,
439,439,Christoffer Persson,"BLP, M",16 September,2011‎,65,sport,,
440,440,Adolphe Monod,"BDP, M",13 July,2003‎,191,religion,,
441,441,Tennis at the 2009 Southeast Asian Games – Mixed Doubles,SOC,14 December,2009‎,36,sport,,
442,442,S. Rajendran (AIADMK politician),"BLP, M",24 May,2014‎,75,gov,,
443,443,Kapitein Rob,"CA, 1990-",25 October,2015‎,135,other (comics),,
444,444,Paulo Frederico Benevenute,"BLP, M",11 December,2008‎,162,sports,,
445,445,Omuku,"GEO, E",5 December,2006,169,AF NIGERIA,,
446,446,Nestor Serrano,"BLP, M",30 September,2005‎,2109,actor,,
447,447,"Dola, Bileća","GEO, E",25 June,2010‎,23,EE BOSNIA,,
448,448,Orca Symphony No. 1,"CA, 1991+",11 May,2012‎,1277,music (classical),,
449,449,Skilligan's Island,"CA, 1991+",2 November,2006‎,171,pop music,,
450,450,Ulaangom Airport,"GEO, E",2 January,2007‎,122,ASIA MONGOL,,
451,451,SS Orsova (1953),SOC,6 May,2008‎,250,other,,
452,452,Hook (bowling),SOC,15 December,2008‎,496,sport,,
453,453,Desmodium,BHM,11 January,2006‎,1675,,,
454,454,"Romilly, Loir-et-Cher","GEO, E",17 February,2008,52,WE FR,,
455,455,Anterior jugular vein,BHM,21 March,2006‎,843,,,
456,456,The Last Goodbye (Atomic Kitten song),"CA, 1991+",0 February,2007‎,239,pop music,,
457,457,Protected areas of Kerala,SOC,22 June,2007‎,850,other,,
458,458,Free Association of German Trade Unions,HIST,5 January,2007‎,547,POL,,
459,459,14th Manitoba Legislature,HIST,2 December,2012‎,91,GOVT,,
460,460,Düsseldorf-Golzheim,"GEO, E",8 May,2006‎,140,WE GER,,
461,461,Agribusiness Teaching Center,SOC,5 February,2012‎,125,school,,
462,462,Metacrambus deprinsi,BHM,9 August,2014‎,17,,,
463,463,Erastriopis,BHM,28 March,2009‎,26,,,
464,464,J. C. Bhattacharyya,"BDP, M",6 June,2012‎,83,acad,,
465,465,Beur FM,BUS,28 January,2012‎,183,media (Radio),,
466,466,Aechmea eurycorymbus,BHM,26 November,2009‎,59,,,
467,467,Giorgio Orsoni,"BLP, M",17 April,2010‎,198,gov,,
468,468,Harry Jayawardena,"BLP, M",6 May,2008‎,648,bus,,
469,469,Kord Ahmad-e Sofla,"GEO, E",11 September,2013‎,51,ME IRAN,,
470,470,"Check, Virginia","GEO, W",21 August,2012‎,132,USE,,
471,471,"Clark, New Jersey","GEO, W",22 October,2002‎,1045,USE,,
472,472,Vrijhoeven,"GEO, E",11 July,2007‎,34,WE NETH,,
473,473,Nymphidium,BHM,26 February,2014‎,76,,,
474,474,Shikhar Ghosh,"BLP, M",9 March,2011‎,241,acad,,
475,475,Association of Spanish Footballers,SOC,25 March,2011‎,116,sport,,
476,476,Xumarta,"GEO, E",14 August,2008‎,81,FSU AZER,,
477,477,Seth Grahame-Smith,"BLP, M",15 May,2009‎,6278,writer,,
478,478,Alan Paine Radebaugh,"BLP, M",25 February,2010‎,44,art,,
479,479,WOPP,BUS,20 January,2008‎,96,media (radio),,
480,480,Makkala Rajya,"CA, 1990-",16 July,2014‎,116,film,,
481,481,Minami Sanriku Kinkasan Quasi-National Park,"GEO, E",5 February,2012‎,62,ASIA JAP,,
482,482,Simon Bodenmann,"BLP, M",19 May,2013‎,178,sports,,
483,483,E.E.E. Sassoon High School,SOC,26 December,2008‎,100,school,,
484,484,Bi-specific T-cell engager,BHM,15 August,2008,868,,,
485,485,2000 IIHF World Championship Final,SOC,15 July,2010‎,156,sport,,
486,486,"Thoros III, King of Armenia","BDP, M",17 December,2003‎,131,gov,,
487,487,1980 Ohio State Buckeyes football team,SOC,22 November,2008,444,sport,,
488,488,Crowder Formation,SCI,10 July,2014‎,56,,,
489,489,Cyril Berry,"BDP, M",21 May,2007‎,220,writer,,
490,490,Delinquent Daughters,"CA, 1990-",27 March,2007‎,102,film,,
491,491,Rangsit Prayurasakdi,"BDP, M",30 May,2006‎,208,gov,,
492,492,2015 Santosh Trophy qualification,SOC,24 December,2014‎,98,sport,,
493,493,Comedy Showcase,"CA, 1991+",5 October,2007‎,239,film (TV),,
494,494,War zone C,HIST,14 May,2007‎,146,MIL,,
495,495,Eion Katchay,"BLP, M",24 November,2008‎,54,sports,,
496,496,8th & Pine (St. Louis MetroLink),"GEO, W",18 April,2006‎,247,USW,,
497,497,Golliwog (song),"CA, 1990-",30 June,2006‎,410,pop music,,
498,498,Josep Lluís Pellicer,"BDP, M",31 July,2015‎,64,art,,
499,499,Crossosomataceae,BHM,10 April,2006‎,110,,,
500,500,Võru County Vocational Training Centre,SOC,14 May,2009‎,48,school,,
501,501,Decatur Subdivision,HIST,24 November,2006‎,37,OTHER,,
502,502,Dewald Pretorius,"BLP, M",13 April,2005‎,99,sport,,
503,503,Antonio de la Torre Villalpando,"BLP, M",16 March,2010‎,123,sports,,
504,504,Costa Rica Fed Cup team,SOC,19 May,2007‎,91,sport,,
505,505,Asparagine—tRNA ligase,BHM,17 November,2007‎,73,,,
506,506,Raymond Lam,"BLP, M",29 April,2006‎,5137,art,,
507,507,Nostoc,BHM,17 May,2005‎,4324,,,
508,508,Ita Kozakeviča,"BDP, F",21 May,2015‎,47,gov,,
509,509,Natalia Zinchenko,"BLP, F",10 July,2009‎,57,sports,,
510,510,Anastasiya Serdyukova,"BLP, F",3 October,2014‎,197,sport,,
511,511,Music of Nier,"CA, 1991+",10 July,2011‎,3112,pop music,,
512,512,"Lemon Hill, California","GEO, W",21 June,2011,175,USW,,
513,513,C. M. College,SOC,26 July,2008‎,106,school,,
514,514,Stan Fritts,"BLP, M",12 April,2009‎,92,sports,,
515,515,Gábor J. Székely,"BLP, M",27 July,2010‎,213,sci,,
516,516,NK012,BHM,6 August,2010‎,155,,,
517,517,"Trinity Episcopal Church (Chocowinity, North Carolina)",HIST,24 November,2009‎,62,NRHP,,
518,518,The Most Important Person,"CA, 1990-",25 October,2007‎,233,film (childrens),,
519,519,Ane Dahl Torp,"BLP, F",23 October,2007‎,1047,actor,,
520,520,Down Under Bowl,SOC,12 April,2007‎,157,sport,,
521,521,1667 in France,HIST,25 August,2015‎,104,OTHER,,
522,522,Je Tu Niekto?,"CA, 1991+",3 February,2015‎,30,pop music,,
523,523,Aechmea sphaerocephala,BHM,30 November,2009‎,47,,,
524,524,Kaogu,SOC,14 November,2006‎,85,other,,
525,525,Laurence Olivier Award for Outstanding Achievement in a Musical,"CA, 1990-",26 August,2011‎,85,other (theater awards),,
526,526,Diane Rosenbaum,"BLP, F",3 April,2008‎,283,gov,,
527,527,Regional Assistance Mission to Solomon Islands,HIST,26 October,2004‎,1104,MIL,,
528,528,Ursula Parrott,"BDP, F",7 May,2011‎,155,writer,,
529,529,Withers Stakes,SOC,22 April,2006‎,232,sport,,
530,530,USS Conflict (AM-85),HIST,13 June,2007,64,MIL,,
531,531,Lazybones (song),"CA, 1990-",16 June,2006‎,461,pop music,,
532,532,New Zealand at the 2016 Summer Olympics,SOC,14 September,2014‎,795,sport,,
533,533,Edward N. Whittier,"BDP, M",29 December,2010‎,75,mil,,
534,534,Jowhar,"GEO, E",21 December,2004‎,755,AF SOMALIA,,
535,535,Cabaiguán,"GEO, W",15 November,2006,138,CUBA,,
536,536,1986 European Super Cup,SOC,14 March,2008‎,490,sport,,
537,537,Amrapali Institute – Lamachaur,SOC,3 December,2007‎,155,school,,
538,538,LeRon McCoy,"BLP, M",31 August,2005‎,770,sports,,
539,539,"Beulahville, Virginia","GEO, W",11 July,2008‎,54,USE,,
540,540,Yağlıdere,"GEO, E",12 February,2006‎,223,ME TURKEY,,
541,541,Pele-joez-el-gibbor-abi-ad-sar-shalom,SOC,7 July,2011‎,385,religion,,
542,542,The Slutty Pumpkin Returns,"CA, 1991+",1 November,2011,1517,film & tv,,
543,543,Abu al-Hassan al-Amiri,"BDP, M",14 October,2007‎,511,religion,,
544,544,Spermidine dehydrogenase,BHM,24 October,2007‎,49,,,
545,545,Jonna Lee (actress),"BLP, F",3 July,2007‎,780,actor,,
546,546,Akagawa Motoyasu,"BDP, M",30 April,2007‎,58,mil,,
547,547,Sweet Country Music,"CA, 1990-",11 June,2011,180,pop music,,
548,548,1988 WTA German Open – Singles,SOC,19 December,2009‎,76,sport,,
549,549,Alicia Rio,"BLP, F",26 August,2005‎,1104,film porn,,
550,550,Stopband,SCI,26 February,2002‎,1639,,,
551,551,Sky Destroyer,"CA, 1990-",5 March,2007‎,263,comp game,,
552,552,KRPT,BUS,28 December,2006‎,161,media (radio),,
553,553,Wander Gross,"BLP, M",11 November,2010‎,28,sport,,
554,554,Liv Løberg,"BLP, F",30 June,2010‎,95,gov,,
555,555,"Stratford-on-Avon by-election, 1909",HIST,5 January,2014‎,46,POL,,
556,556,Marina (Japanese singer),"BLP, F",31 May,2013‎,1113,music,,
557,557,Tony Joe White,"BLP, M",31 May,2004‎,4347,music,,
558,558,Lesbians on Ecstasy,"CA, 1991+",6 June,2005‎,622,pop music,,
559,559,Kelli Arena,"BLP, F",4 August,2006‎,158,writer,,
560,560,Jabari Brown,"BLP, M",7 May,2014‎,2951,sports,,
561,561,Nite-Wing,"CA, 1991+",13 July,2005‎,315,other (comics),,
562,562,Wicked Tinkers,"CA, 1991+",25 October,2007‎,222,pop music (folk),,
563,563,Mountbolus,"GEO, E",17 August,2007‎,58,GB IR,,
564,564,Donchovtsi,"GEO, E",24 May,2010‎,45,EE BULG,,
565,565,Tharakki Patti,"GEO, E",10 October,2012‎,36,ASIA INDIA,,
566,566,1981 Canadian Ladies Curling Association Championship,SOC,19 February,2012‎,61,sport,,
567,567,"Fairmount Park (Riverside, California)","GEO, W",3 April,2012,232,USW,,
568,568,Otoyol 53,"GEO, E",17 February,2011,77,ME TURKEY,,
569,569,Cuprian Macarencu,"BLP, M",19 April,2009‎,39,sport,,
570,570,Death drive,SOC,14 November,2005‎,9857,other,,
571,571,Eric Vollmecke,"BLP, M",18 February,2012‎,101,mil,,
572,572,Shrugged,"ca, 1991+",30 April,2006‎,102,other (comics),,
573,573,"Cathedral of the Immaculate Conception (Portland, Maine)",HIST,1 November,2009‎,202,NRHP,,
574,574,"Expanse, Saskatchewan","GEO, W",7 August,2007‎,178,CANADA,,
575,575,CKVH-FM,BUS,14 March,2008‎,87,media (radio),,
576,576,Mujeres Encinta,"CA, 1991+",17 September,2010‎,92,pop music,,
577,577,Turbonilla subula,BHM,31 August,2012‎,22,,,
578,578,Naim Dhifallah,"BLP, M",1 September,2009‎,52,sports,,
579,579,"Akbarabad, Tuyserkan","GEO, E",14 February,2013‎,52,ME IRAN,,
580,580,Bis-quits,"CA, 1991+",14 July,2014‎,68,pop music,,
581,581,Filipino people of Spanish ancestry,SOC,16 December,2005‎,2718,other,,
582,582,Interiors (Brad album),"CA, 1991+",16 August,2007‎,251,pop music,,
583,583,Çöl Kartalı,"CA, 1990-",18 December,2014‎,51,film,,
584,584,The Tragical Comedy or Comical Tragedy of Mr. Punch,"CA, 1991+",18 August,2005‎,605,Lit,,
585,585,Dikson Island,"GEO, E",26 August,2003‎,583,FSU RUS,,
586,586,Chain rule,SCI,2 September,2001‎,27909,,,
587,587,JBA Motors,BUS,10 November,2010‎,797,company,,
588,588,Euprenolepis variegata,BHM,29 January,2010‎,34,,,
589,589,Lake Isle of Innisfree,"CA, 1990-",27 September,2007‎,2946,Lit (poetry),,
590,590,Philippe Mahut,"BDP, M",6 January,2007‎,162,sport,,
591,591,Bargan,"GEO, E",21 January,2014‎,84,ME IRAN,,
592,592,Joan Haste,"CA, 1990-",17 December,2013‎,114,Lit,,
593,593,Sibu Rural District Council,HIST,22 April,2013‎,76,GOVT,,
594,594,Castle of Terror,"CA, 1990-",4 September,2008‎,174,comp game,,
595,595,Graphoanalysis,SOC,22 February,2003‎,367,other,,
596,596,Institute of International and European Affairs,SOC,11 July,2008‎,322,other,,
597,597,Jette Bang,"BDP, F",4 March,2010‎,122,art,,
598,598,Cherish Life Queensland,SOC,11 December,2005‎,77,other,,
599,599,Carlos Luna,"BLP, M",31 July,2007‎,393,sports,,
600,600,Kord (Greyhawk),"CA, 1990-",12 February,2006‎,1283,other (roleplaying game),,
601,601,Veterans History Project of the Library of Congress American Folklife Center,HIST,24 March,2010‎,314,OTHER,,
602,602,Hook nail,BHM,25 February,2009‎,292,,,
603,603,WGSQ,BUS,25 September,2009‎,98,media (radio),,
604,604,Stian Hinderson,"BLP, M",27 December,2010‎,553,music,,
605,605,Gangut-class battleship,HIST,6 September,2005‎,3012,MIL,,
606,606,Peter Nunn,"BLP, M",10 February,2015‎,110,bus,,
607,607,Supplicant (computer),SCI,22 January,2006‎,1122,,,
608,608,Matthias Liebers,"BLP, M",15 July,2008‎,124,sports,,
609,609,Dan Cook,"BDP, M",4 July,2008‎,291,sport,,
610,610,Pakistan at the 2014 Asian Beach Games,SOC,13 November,2014‎,71,sport,,
611,611,Charles Mitchell (shipbuilder),"BDP, M",6 June,2004‎,180,bus,,
612,612,Psycho Country,"CA, 1991+",29 December,2008‎,196,pop music,,
613,613,Isthmiella,BHM,7 August,2009‎,18,,,
614,614,Tetsushi Sakamoto,"BLP, M",20 October,2007‎,54,gov,,
615,615,John Norton House,HIST,4 August,2013‎,62,NRHP,,
616,616,Theater am Olgaeck,"CA, 1990-",28 November,2011,43,other (theater),,
617,617,Mladost 3 Metro Station,"GEO, E",25 April,2012‎,73,EE BULG,,
618,618,Kodungallur Kovilakam,HIST,7 January,2010‎,221,OTHER,,
619,619,Maryland Route 372,"GEO, W",3 February,2008‎,206,USE,,
620,620,"Dębiny, Toruń County","GEO, E",23 April,2007‎,52,EE POL,,
621,621,Groß Pampau,"GEO, E",23 September,2007‎,151,WE GER,,
622,622,Institute for Quantum Optics and Quantum Information,SCI,6 October,2008‎,128,,,
623,623,Tavia Nyong'o,"BLP, M",16 July,2006‎,970,writer,,
624,624,Polish Teachers' Union,SOC,30 May,2011‎,89,other,,
625,625,Coso Hot Springs,HIST,23 September,2005‎,127,NRHP,,
626,626,Lepetodrilus sp. East Scotia Ridge,BHM,4 February,2012‎,53,,,
627,627,RAF Podington,HIST,21 March,2006‎,587,MIL,,
628,628,Abbo (bishop of Soissons),"BDP, M",27 September,2013‎,53,religion,,
629,629,Conochuza,BHM,28 March,2009‎,53,,,
630,630,Adam Pietrasik,"BLP, M",30 December,2013‎,46,sports,,
631,631,"Percy Township, Kittson County, Minnesota","GEO, W",21 October,2002‎,46,USW,,
632,632,Gene Bowen,"BLP, M",5 October,2007‎,162,music,,
633,633,"Ricaurte, Nariño","GEO, W",16 April,2007‎,74,SA,,
634,634,"Ameno, Italy","GEO, E",17 August,2006‎,128,WE ITALY,,
635,635,Commentaria in Aristotelem Graeca,SOC,18 September,2009‎,267,other,,
636,636,Tet 1969,HIST,12 August,2005‎,619,MIL,,
637,637,2006 RCA Championships – Singles,SOC,22 October,2011‎,62,sport,,
638,638,Extended Play Two,"CA, 1991+",15 June,2005‎,100,pop music,,
639,639,FORAN System,SCI,8 March,2013‎,188,,,
640,640,Kerosene (song),"CA, 1991+",19 May,2008‎,495,pop music,,
641,641,Pilea trianthemoides,BHM,15 June,2010,60,,,
642,642,X and Y bosons,SCI,14 July,2007‎,843,,,
643,643,Louis Tomei,"BDP, M",16 November,2006‎,68,sports,,
644,644,Headman Shabalala,"BDP, M",8 April,2006‎,185,music,,
645,645,Barton Mountains,"GEO, E",22 September,2010‎,41,ANTARTICA,,
646,646,Trechus abdurakhmanovi,BHM,10 April,2013‎,29,,,
647,647,Canadian Pickers,"CA, 1991+",14 September,2011‎,1053,film & tv,,
648,648,Battle of Manila (1570),HIST,5 October,2009‎,303,MIL,,
649,649,European Land-Robot Trial,SCI,4 October,2005‎,137,,,
650,650,2006 Internazionali BNL d'Italia – Men's Singles,SOC,6 May,2008‎,272,sport,,
651,651,2012–13 SC Paderborn 07 season,SOC,13 July,2012‎,67,sport,,
652,652,NCAA Division I Men's Golf Tournament all-time team records,SOC,4 May,2013‎,48,sport,,
653,653,Bischofswerda,"GEO, E",22 May,2004‎,388,WE GER,,
654,654,Country Rugby League,SOC,6 September,2006‎,378,sport,,
655,655,Yashar Nadzhafov,"BLP, M",25 May,2015‎,35,sport,,
656,656,Blackburn Meadows Power Station,HIST,23 November,2008‎,393,OTHER,,
657,657,Jim Baron,"BLP, M",30 April,2007‎,436,sports,,
658,658,QuantumDigital,BUS,18 November,2008‎,136,company,,
659,659,Zbigniew Szczepkowski,"BLP, M",1 May,2015‎,66,sport,,
660,660,Ialemus,"CA, 1990-",6 September,2009‎,250,other (myth),,
661,661,Comala,"GEO, W",23 June,2004‎,327,MEXICO,,
662,662,Heffley Creek,"GEO, W",8 March,2006‎,121,CANADA,,
663,663,Southwark School,HIST,6 July,2012‎,96,NRHP,,
664,664,Guide RNA,BHM,16 April,2006‎,2098,,,
665,665,Road to Victory,"CA, 1990-",14 December,2011,131,film,,
666,666,"Dogwood Acres, Alamance County, North Carolina","GEO, W",1 April,2008‎,60,USE,,
667,668,Hezbollah International Financing Prevention Act of 2014,HIST,22 July,2014‎,120,GOVT,,
668,669,2013 in Singapore,HIST,11 June,2013‎,259,OTHER,,
669,670,Muhammad al-Khushani,"BDP, M",27 February,2008‎,67,writer,,
670,671,Tricholoma mutabile,BHM,30 November,2011‎,50,,,
671,672,The Enemy Inside (coldrain album),"CA, 1991+",19 December,2013‎,439,pop music,,
672,673,Stained glass,"CA, 1990-",30 October,2002‎,15542,art,,
673,674,Planet M,BUS,17 December,2006‎,281,company,,
674,675,Röstäm Yaxin,"BDP, M",20 October,2006‎,67,music,,
675,676,Arthur L. Selland,"BDP, M",12 August,2010‎,155,gov,,
676,677,Tinie Tempah,"BLP, M",5 September,2009‎,18166,music,,
677,678,Hollis Thomas,"BLP, M",22 November,2005‎,615,sports,,
678,679,Operation Big Coon Dog,HIST,17 March,2009‎,86,GOVT,,
679,680,Ryoun Yamada,"BLP, M",19 March,2008‎,54,religion,,
680,681,1953 in television,"CA, 1990-",19 January,2003‎,685,film & tv,,
681,682,Rem (mythology),"CA, 1990-",18 May,2004‎,178,other (myth),,
682,683,Mazımçay,"GEO, E",18 August,2008‎,50,FSU AZER,,
683,684,United Kingdom in the Eurovision Song Contest 2016,"CA, 1991+",10 October,2015‎,1626,pop music,,
684,685,"Tikmeh Dash, Hashtrud","GEO, E",19 September,2013‎,38,ME IRAN,,
685,686,Daesong Agricultural Market,SOC,18 July,2013‎,67,other,,
686,687,"The Fernhills Palace, Ooty",HIST,18 November,2008‎,297,OTHER,,
687,688,Call of Duty: World at War,"CA, 1991+",9 June,2008‎,36240,comp game,,
688,689,Northern Collegiate Institute and Vocational School,SOC,23 April,2006‎,127,school,,
689,690,Eugenia hexovulata,BHM,21 August,2007‎,36,,,
690,691,Jharkhand Chhatra Yuva Morcha,HIST,30 October,2004,35,POL,,
691,692,Who Can Say What's True?,"CA, 1991+",21 December,2011‎,8,film & tv,,
692,693,Susan Herndon,"BLP, F",9 February,2008‎,106,singer,,
693,694,TUBGCP6,BHM,10 April,2008‎,44,,,
694,695,Azastene,BHM,6 January,2014‎,115,,,
695,696,Video gaming in Lithuania,"CA, 1991+",27 October,2008‎,194,comp games,,
696,697,Euclidean group,SCI,13 May,2004‎,2285,,,
697,698,Diana Barrington,"BLP, F",21 May,2009‎,234,actor,,
698,699,Form I-94,HIST,22 January,2006‎,5995,GOVT,,
699,700,Rise Up and Salute the Sun,"CA, 1991+",14 October,2014‎,119,Lit,,
700,701,Lettie Cowman,"BDP, F",28 July,2011‎,374,writer,,
701,702,South Sudanese passport,HIST,23 April,2012‎,400,GOVT,,
702,703,Gus Mortson,"BDP, M",2 December,2008‎,212,sports,,
703,704,Bristol Silents,"CA, 1991+",19 November,2010‎,85,film,,
704,705,"Saint Peter, Guernsey","GEO, E",10 April,2005‎,253,GB CI,,
705,706,Monte Beigua,"GEO, E",31 January,2009‎,94,WE ITALY,,
706,707,Susie Wild,"BLP, F",12 March,2015‎,65,writer,,
707,708,Vlaško Polje,"GEO, E",23 May,2010‎,54,EE SERB,,
708,709,Hiranyakeshi river,"GEO, E",14 July,2014‎,144,ASIA INDIA,,
709,710,Suzie Faulkner,"BLP, F",28 December,2008‎,62,sport,,
710,711,"Wheat Basin, Montana","GEO, W",28 June,2012‎,108,USW,,
711,712,Blue Utopia,BUS,20 August,2013‎,73,company (political tech),,
712,713,More New Arabian Nights: The Dynamiter,"CA, 1990-",12 September,2006‎,226,Lit,,
713,714,Athanase Gaudet,"BDP, M",8 March,2009‎,51,gov,,
714,715,Max: The Curse of Brotherhood,"CA, 1991+",10 June,2013‎,2074,comp game,,
715,716,Clivina bhamoensis,BHM,26 June,2015‎,33,,,
716,717,Guapiara,"GEO, W",2 October,2004‎,78,SA,,
717,718,Sri Lankan cricket team in South Africa in 2000–01,SOC,17 January,2007‎,63,sport,,
718,719,Proceedings of the Physical Society,SCI,29 October,2005‎,165,,,
719,720,Isabel Pérez Farfante,"BDP, F",7 March,2012‎,129,acad,,
720,721,Benedict L. Stabile,"BDP, M",22 March,2014‎,72,mil,,
721,722,Croatian Academy of Sciences and Arts,"CA, 1990-",30 August,2004‎,656,other,,
722,723,Island Sports Media,BUS,31 January,2010,48,media (sports),,
723,724,B. R. Dionysius,"BLP, M",8 May,2007‎,65,writer,,
724,725,Tickhill Friary,SOC,11 September,2010‎,84,other,,
725,727,South Kilvington,"GEO, E",3 January,2006‎,73,GB EN,,
726,728,Wesley Mouzon,"BDP, M",3 October,2003‎,58,sports,,
727,729,1898 VPI football team,SOC,7 November,2015‎,15,sport,,
728,730,Naungletgyi,"GEO, E",13 May,2008‎,34,ASIA BURMA,,
729,731,San Roberto International School,SOC,14 May,2006‎,81,school,,
730,732,Luke James (English singer),"BLP, M",23 January,2009‎,106,music,,
731,733,Kendyl Jacox,"BLP, M",30 October,2006‎,113,sport,,
732,734,Cobblestone,SOC,11 April,2004‎,5317,other,,
733,735,Annie Ki Ayegi Baraat,"CA, 1991+",14 February,2013‎,1660,film & tv,,
734,736,Three Creek,"GEO, W",7 July,2009‎,147,USE,,
735,737,Lake Independence (Belize House constituency),"GEO, W",25 November,2014‎,99,CENTRAL A,,
736,738,Primal (comics),"CA, 1991+",4 August,2011‎,545,other (comics),,
737,739,Headwaters Incorporated,BUS,29 November,2007‎,200,company,,
738,740,Lee Curtis and the All-Stars,"CA, 1990-",15 June,2011‎,330,pop music,,
739,741,Tom Brennan (civil servant),"BDP, M",10 October,2015,19,gov,,
740,742,Fated to Love You (2008 TV series),"CA, 1991+",20 March,2008‎,3679,film & tv,,
741,743,Piracés,"GEO, E",9 September,2007‎,89,WE SP,,
742,744,Phil Mustard,"BLP, M",8 August,2006‎,339,sports,,
743,745,Oja Kodar,"BLP, F",8 May,2005‎,4173,actor,,
744,746,Persiju Sijunjung,SOC,1 March,2011‎,71,sport,,
745,747,Walloon Legion,HIST,19 May,2005‎,948,MIL,,
746,748,Dante Hipolito,"BLP, M",21 April,2015‎,69,art,,
747,749,2013–14 Wigan Athletic F.C. season,SOC,5 June,2013‎,680,sport,,
748,750,Harpalus ussuriensis,BHM,7 August,2013‎,37,,,
749,751,Pieris floribunda,BHM,27 March,2014,145,,,
750,752,2014–15 Beitar Jerusalem F.C. season,SOC,31 August,2014‎,162,sport,,
751,753,Multi-tool,BUS,13 April,2007‎,2312,product,,
752,754,Huawei E5,BUS,24 October,2011‎,1187,product,,
753,755,Goodyear Television Playhouse,"CA, 1990-",2 November,2006‎,340,film & tv,,
754,756,Early New Zealand Books,"CA, 1990-",29 January,2009‎,180,Lit,,
755,757,Grocery Manufacturers of Norway,BUS,24 June,2009‎,38,other (trade org),,
756,758,The American Revolution (album),"CA, 1990-",31 October,2012‎,169,pop music,,
757,759,Die „kulturelle“ Sexualmoral und die moderne Nervosität,SOC,22 June,2014‎,81,other,,
758,760,John Foley Horr,"BDP, M",24 November,2013‎,66,gov,,
759,761,Tombs of the Nobles (Amarna),HIST,18 July,2005‎,391,OTHER,,
760,762,Hatfield Heath,"GEO, E",24 December,2008‎,333,GB EN,,
761,763,"Stamford Hill, Durban","GEO, E",14 June,2010‎,145,AFRICA SA,,
762,764,Inada Station,"GEO, E",10 February,2009‎,53,ASIA JAP,,
763,765,The Smurfette,"CA, 1990-",1 March,2007‎,210,"film & tv, comics",,
764,766,Nalaka Kolonne,"BLP, M",19 August,2015‎,70,gov,,
765,767,Quett Masire,"BLP, M",17 December,2003‎,968,gov,,
766,768,Kraig Kinser,"BLP, M",7 December,2005‎,153,sports,,
767,769,Titus Veturius Geminus Cicurinus (consul 494 BC),"BDP, M",14 March,2013‎,69,gov,,
768,770,Ahmed Hamdy,"BLP, M",26 February,2015‎,59,sports,,
769,771,Scoop neck,SOC,30 May,2006‎,606,other,,
770,772,Damien Ricketson,"BLP, M",19 June,2006‎,62,music,,
771,773,Pelham A. Barrows,"BDP, M",20 July,2012‎,47,gov,,
772,774,North and South Railway,BUS,21 July,2006‎,69,company (defunct rr),,
773,775,West Quantoxhead,"GEO, E",27 February,2006‎,200,GB EN,,
774,776,Photon Factory Films,BUS,1 August,2012‎,78,media (film),,
775,777,Nehemiah Hawkins,"BDP, M",12 March,2009‎,111,writer,,
776,778,Umba sapphire,SCI,19 December,2006‎,129,,,
777,779,The Trentonian,BUS,2 April,2006‎,361,media (newspaper),,
778,780,Ankarapithecus,BHM,13 April,2008‎,319,,,
779,781,Secret and special weapons in Showa Japan,HIST,30 May,2005‎,2124,MIL,,
780,782,Pygmy gerbil,BHM,13 August,2005‎,109,,,
781,783,1535 Päijänne,SCI,17 May,2008‎,90,,,
782,784,Bawdsey Manor,HIST,30 December,2007‎,342,OTHER,,
783,785,Review of Economic Design,SOC,27 July,2011‎,88,other,,
784,786,Lophoceramica,BHM,29 March,2009,18,,,
785,787,Leeds City Region,"GEO, E",13 November,2008‎,909,GB EN,,
786,788,2013–14 Xavier Musketeers men's basketball team,SOC,27 June,2013‎,236,sport,,
787,789,Greymouth Petroleum,BUS,2 December,2009‎,99,company,,
788,790,Quirino Navarro,"BLP, M",25 September,2013‎,241,acad,,
789,791,Sacahuista,SOC,6 September,2008‎,85,sport,,
790,792,1958 Nebraska Cornhuskers football team,SOC,4 August,2010‎,261,sport,,
791,793,Klemm Kl 151,HIST,15 April,2007‎,207,MIL,,
792,794,Jacques Miller,"BLP, M",19 July,2005‎,453,acad,,
793,795,Asahikawa University Junior College,SOC,9 April,2011‎,82,school,,
794,796,École des Beaux-Arts,SOC,25 October,2002‎,4661,art,,
795,797,Horningsham,"GEO, E",18 December,2006‎,202,GB EN,,
796,798,1952–53 Austrian football championship,SOC,17 May,2008‎,122,sport,,
797,799,"Walesby, Nottinghamshire","GEO, E",22 June,2007‎,134,GB EN,,
798,800,Have Some Fun,"CA, 1991+",27 January,2008‎,132,pop music,,
799,801,George Dissanaike,"BDP, M",21 May,2010‎,36,acad,,
800,802,"Kyrgyzstani parliamentary election, 2015",HIST,4 April,2015,1640,POL,,
801,803,Michael Taylor (glass artist),"BLP, M",1 January,2010‎,120,art,,
802,804,System lifecycle,SCI,26 February,2002‎,2434,,,
803,805,Ángel Parra,"BLP, M",14 September,2004‎,398,music,,
804,806,Kim Byung-woo,"BLP, M",30 September,2015,84,film,,
805,807,Excuse Me Ethu Collegila,"CA, 1991+",30 September,2014‎,96,film,,
806,808,Phillip Tanner,"BLP, M",28 July,2011,405,sports,,
807,809,Iraq–Lebanon relations,HIST,27 January,2009‎,237,GOVT,,
808,810,Charles W. Moore Jr.,"BLP, M",22 February,2015‎,136,mil,,
809,811,Kevin R. Duncan,"BLP, M",6 April,2010‎,81,religion,,
810,812,Canton of Sotteville-lès-Rouen-Est,"GEO, E",19 September,2008‎,35,WE FR,,
811,813,Star Fairies,"CA, 1990-",25 February,2009‎,382,film & tv,,
812,814,"Ginevet, Ararat","GEO, E",22 August,2008‎,43,FSU AR,,
813,815,Computational electromagnetics,SCI,26 January,2006‎,2799,,,
814,816,Valleruela de Pedraza,"GEO, E",9 September,2007‎,57,WE SP,,
815,817,Holmdel Horn Antenna,HIST,7 May,2004‎,1114,NRHP,,
816,818,"Frank Taylor (footballer, born 1916)","BDP, M",30 September,2008‎,92,sports,,
817,819,Avenida de Blasco Ibañez,"GEO, E",9 September,2015‎,49,WE SP,,
818,820,Aivars Lazdenieks,"BLP, M",23 January,2009‎,42,sports,,
819,821,ULE - Ultra Low Energy,SCI,20 January,2014‎,253,,,
820,822,Kõlleste Parish,"GEO, E",27 January,2010‎,119,FSU EST,,
821,823,Climate Investment Funds,BUS,29 May,2008,562,finance,,
822,824,Shockwave (2000 yacht),SOC,11 October,2009‎,85,sport,,
823,825,Staffordshire Moorlands District Council elections,HIST,16 April,2006‎,51,POL,,
824,826,Schwabenhass,SOC,21 October,2014‎,194,other,,
825,827,Li Hsi-mou,"BDP, M",4 May,2009‎,39,gov,,
826,828,Happy Eyeballs,SCI,16 January,2012‎,900,,,
827,829,Since You've Been Gone (film),"CA, 1991+",15 November,2005‎,1033,film & tv,,
828,830,Fifty/Fifty (1992 film),"CA, 1991+",17 January,2010‎,383,film & tv,,
829,831,C. Tracey Stagg,"BDP, M",23 February,2014‎,54,gov,,
830,832,Papatoetoe Wildcats,SOC,8 May,2008‎,34,sport,,
831,833,"Peski, Brest Voblast","GEO, E",6 May,2013‎,28,FSU BELO,,
832,834,Hollywood Prevue Stakes,SOC,22 November,2008‎,68,sport,,
833,835,Karlskrona,"GEO, E",26 September,2004‎,22374,WE SWEDE,,
834,836,Kéraban the Inflexible,"CA, 1990-",10 March,2008‎,239,Lit,,
835,837,Richard Smith (umpire),"BLP, M",30 May,2014,46,sports,,
836,838,Hear the Crowd,"CA, 1991+",19 November,2012‎,49,pop music,,
837,839,Gerace,"GEO, E",30 April,2006‎,283,WE IT,,
838,840,Yokosuka E14Y,HIST,13 October,2005‎,1554,MIL,,
839,841,Seven Girlfriends,"CA, 1991+",22 November,2009,279,film & tv,,
840,842,Jared Ward,"BLP, M",5 October,2015‎,159,sports,,
841,843,Guy Mardel,"BLP, M",31 October,2009‎,242,music,,
842,844,NZR DSA class,HIST,9 May,2013‎,145,OTHER,,
843,845,Numaligarh,"GEO, E",2 April,2007‎,276,ASIA INDIA,,
844,846,"Athens, Ontario","GEO, W",15 October,2003‎,356,CANADA,,
845,847,Gary Magness,"BLP, M",19 November,2011‎,230,bus,,
846,848,Carvico,"GEO, E",26 August,2006‎,140,WE IT,,
847,849,Brocade Library Services,SCI,18 March,2014‎,346,,,
848,850,Charles J. Guiteau,"BDP, M",13 June,2003‎,8194,criminal (gov),,
849,851,Le Monde diplomatique,BUS,22 January,2003‎,3065,media (newspaper),,
850,852,André Medici,"BLP, M",28 February,2007‎,104,gov,,
851,853,Paul Helmke,"BLP, M",16 April,2006‎,370,gov,,
852,854,"Hindu Degree College, Moradabad",SOC,21 November,2009‎,854,school,,
853,855,Katsumi Kawano,"BLP, M",21 June,2012‎,37,sports,,
854,856,Swami Murugesu,"BDP, M",28 January,2009‎,94,religion,,
855,857,Antonina Nezhdanova,"BDP, F",1 June,2007‎,341,singer,,
856,858,20Q,"CA, 1991+",27 February,2005‎,1026,comp game,,
857,859,Nowy Dworzec,"GEO, E",23 February,2009‎,48,EE POL,,
858,860,Kayoko Obata,"BLP, F",4 July,2010‎,47,sport,,
859,861,Central New Annan,"GEO, W",5 April,2009‎,56,CANADA,,
860,862,Suleiman Hafez,"BLP, M",22 January,2013‎,86,gov,,
861,863,Dunblane railway station,HIST,29 January,2006‎,306,OTHER,,
862,864,"Charles Emmanuel, Landgrave of Hesse-Rotenburg","BDP, M",6 March,2008‎,118,gov,,
863,865,The Doll that Came Straight from Fairyland,"CA, 1990-",12 February,2013‎,72,Lit (childrens),,
864,866,Skipton railway line,"GEO, E",7 February,2010‎,103,OZ,,
865,867,Farzaneh Kaboli,"BLP, F",3 May,2007‎,130,art,,
866,868,Jacone Puligo,"BDP, M",27 September,2007‎,62,art,,
867,869,Las Guanábanas,"CA, 1991+",31 May,2007‎,348,pop music,,
868,870,Floral formula,BHM,29 March,2012‎,2136,,,
869,871,Meath (Dáil Éireann constituency),"GEO, E",20 February,2005‎,120,GB IRE,,
870,872,Sheephead Mountains,"GEO, W",1 December,2008‎,103,USW,,
871,873,Jasenovo (Nova Varoš),"GEO, E",20 August,2010‎,27,EE SERB,,
872,874,Mighty Spoiler,"BDP, M",14 February,2003‎,125,music,,
873,875,"Eas Mòr, Mull","GEO, E",16 September,2010‎,23,GB SCOT,,
874,876,Chaz Dennis,"BLP, M",17 February,2007‎,133,sports,,
875,877,New Caledonia national futsal team,SOC,1 March,2011,139,sport,,
876,878,Internet privacy,SCI,30 November,2004‎,17028,,,
877,879,Nicholas Watson,"BLP, M",17 May,2008‎,84,writer,,
878,880,Fort Atkinson (Nebraska),HIST,3 September,2005‎,758,"MIL, NRHP",,
879,881,Regional Junta of the Azores,HIST,14 June,2015‎,37,GOVT,,
880,882,Ephysteris deserticolella,BHM,28 October,2013‎,31,,,
881,883,Castelo de Vila Nova de Cerveira,HIST,24 September,2011‎,66,OTHER,,
882,884,Jack Dunn (soccer),"BLP, M",29 November,2008‎,93,sports,,
883,885,Kerala Shipping and Inland Navigation Corporation,BUS,12 May,2006‎,139,company,,
884,886,Zarzar,"GEO, E",14 August,2013,73,ME IRAN,,
885,887,Boqeh-ye Yek,"GEO, E",18 October,2012,42,ME IRAN,,
886,888,Immendingen,"GEO, E",14 March,2007‎,227,WE GER,,
887,889,Autumn Lights,"CA, 1991+",8 May,2015‎,85,film,,
888,890,Parmelee System,BUS,11 February,2006‎,61,company (defunct),,
889,891,Dangemannia,BHM,6 September,2007‎,27,,,
890,892,Kennewick School District,SOC,17 January,2006‎,220,school,,
891,893,Andrew Frederick Wissemann,"BDP, M",22 August,2014‎,41,religion,,
892,894,German Whist,SOC,26 July,2005‎,142,sport,,
893,895,British Agent,"CA, 1990-",22 January,2009‎,393,film,,
894,896,Ninth Fort,HIST,17 October,2001‎,1022,MIL,,
895,897,Omroep NTR,"CA, 1991+",30 August,2005‎,261,film & tv (mostly radio),,
896,898,Spain in the Eurovision Song Contest 1984,"CA, 1990-",1 June,2013‎,98,pop music,,
897,899,Antal Ruprecht,"BDP, M",23 February,2014‎,53,sci,,
898,900,Tony Battie,"BLP, M",13 August,2005‎,1151,sport,,
899,901,"Verne, Indiana","GEO, W",13 January,2008‎,64,USE,,
900,902,Live Arts Week,"CA, 1991+",13 February,2013‎,141,other,,
901,903,Wo Liu Hang,"GEO, E",10 December,2005‎,105,ASIA CHINA HK,,
902,904,William H. Wisener,"BDP, M",5 July,2014‎,61,gov,,
903,905,Tom Huggins,"BLP, M",29 September,2010‎,38,sports,,
904,906,Valérie Fourneyron,"BLP, F",1 December,2008‎,215,gov,,
905,907,Stichill Kirk,HIST,24 October,2009‎,55,OTHER,,
906,908,Supreme Command for Jihad and Liberation,HIST,12 October,2007,1328,MIL,,
907,909,National Highway 31C (India),"GEO, E",21 April,2009‎,129,ASIA INDIA,,
908,910,BAP Arica (SS-36),HIST,21 March,2007‎,110,MIL,,
909,911,Dick Campbell (producer),"BDP, M",9 July,2011‎,121,actor,,
910,912,Qeshlaq-e Sialeh,"GEO, E",7 January,2013‎,41,ME IRAN,,
911,913,Annubar,BUS,22 February,2006‎,1203,product,,
912,914,Ariadne (crater),SCI,2 September,2015‎,128,,,
913,915,Mick Cain (rugby union),"BDP, M",27 August,2015‎,58,sports,,
914,916,Walker-Ewing Log House,HIST,6 August,2011,60,NRHP,,
915,917,Antonijo Pranjič,"BLP, M",27 March,2009‎,45,sports,,
916,918,Brătila River (Tazlău),"GEO, E",18 March,2008‎,44,EE ROM,,
917,919,Olivetti X/OS,SCI,30 July,2005‎,51,,,
918,920,Last One Home,"CA, 1990-",5 July,2014‎,55,Lit,,
919,921,1996 CA-TennisTrophy – Singles,SOC,15 April,2009‎,69,sport,,
920,922,Joanna Aizenberg,"BLP, F",6 March,2014‎,201,acad,,
921,923,Count Franz von Limburg Stirum,"BLP, M",21 May,2007‎,82,farmer,,
922,924,F 5 Ljungbyhed,HIST,11 November,2007‎,77,MIL,,
923,925,"Metsanurga, Lääne-Viru County","GEO, E",16 August,2010‎,48,FSU EST,,
924,926,Teimana Harrison,"BLP, M",30 May,2015‎,239,sports,,
925,927,Past Reason Hated,"CA, 1991+",2 June,2007‎,141,Lit,,
926,928,Richard Stone (fencer),"BLP, M",13 October,2010‎,35,sports,,
927,929,Inclined Plane Bridge,HIST,8 January,2011,125,NRHP,,
928,930,The Thin Man (TV series),"CA, 1990-",26 August,2006‎,726,Film & tv,,
929,931,London Residuary Body,HIST,10 January,2004‎,181,GOVT,,
930,932,"Milo, Kenya","GEO, E",15 January,2013‎,49,AFR,,
931,933,Moner Majhe Tumi,"CA, 1991+",28 March,2011‎,405,film,,
932,934,Rufous-browed wren,BHM,27 July,2007‎,83,,,
933,935,Pethia melanomaculata,BHM,4 February,2015,38,,,
934,936,Vandavasi block,"GEO, E",30 August,2011,72,ASIA INDIA,,
935,937,Giuseppe Mettica,"BDP, M",4 March,2010‎,43,sport AGED 96 ASSUME NOT BLP,,
936,938,Sanay Min,"BDP, M",7 November,2009‎,166,gov,,
937,939,Odetta at Carnegie Hall,"CA, 1990-",10 July,2008‎,155,pop music,,
938,940,Wholesale Club,BUS,26 April,2008,540,company,,
939,941,Delta Lake State Park,"GEO, W",11 October,2004‎,157,USE,,
940,942,1993 FIVB Volleyball World League,SOC,2 February,2008‎,92,sport,,
941,943,2004 J&S Cup – Singles,SOC,18 July,2009‎,48,sport,,
942,944,Major Lance,"BDP, M",1 September,2006‎,1190,music,,
943,945,Londer Tsaava,"BLP, M",9 April,2004‎,59,gov,,
944,946,Uniformity policy,HIST,9 June,2011‎,175,GOVT,,
945,947,Patrick Cummins (politician),"BDP, M",25 November,2008‎,89,gov,,
946,948,Richard Carlyle,"BDP, M",27 November,2009‎,163,actor,,
947,949,Meyler de Bermingham,"BDP, M",13 July,2009‎,110,gov,,
948,950,Nyanturago,"GEO, E",20 March,2007‎,30,AFR KENYA,,
949,951,De Wervelwind,HIST,1 December,2011‎,65,MIL,,
950,952,Rhynchoferella kuehnei,BHM,8 May,2014‎,18,,,
951,953,Ran Vijay Singh,"BLP, M",28 March,2012,49,mil,,
952,954,Girve Fretz,"BLP, M",31 January,2007‎,62,gov,,
953,955,"Lahinja, Semič","GEO, E",5 August,2012‎,53,EE SLOV,,
954,956,Hydrelia percandidata,BHM,2 July,2013‎,27,,,
955,957,Torricella Sicura,"GEO, E",3 June,2006‎,86,WE ITALY,,
956,958,Georgetown College,SOC,14 August,2003‎,955,school,,
957,959,Karen Dunne,"BLP, F",4 November,2009‎,80,sport,,
958,960,Dixie Library Building,HIST,2 July,2014‎,36,NRHP,,
959,961,"Acalmani (Ayutla de los Libres), Guerrero","GEO, W",12 November,2010‎,157,MEXICO,,
960,962,Tim Tam,BUS,27 March,2004‎,22838,product,,
961,963,Kenny Noyes,"BLP, M",29 January,2009‎,508,sport,,
962,964,Longfin crevalle jack,BHM,14 April,2009‎,79,,,
963,965,Julian Matthews,"BLP, M",5 August,2014‎,77,sport,,
964,966,Anucha Munjarern,"BLP, M",23 September,2008‎,74,sport,,
965,967,Ja'far Kavian,"BDP, M",17 June,2015‎,44,mil,,
966,968,2014 Northwest Territories fires,BHM,10 July,2014‎,93,,,
967,969,Nuruddin Farah,"BLP, M",14 April,2005‎,1314,writer,,
968,970,Humayun Khan,"BLP, M",3 May,2009‎,248,gov,,
969,971,Tintin and the Temple of the Sun,"CA, 1990-",27 December,2004‎,658,film,,
970,972,"Altımermer, Istanbul","GEO, E",3 September,2014‎,57,ME TURKEY,,
971,973,The Bachelor's Club,"CA, 1990-",25 January,2012‎,53,film,,
972,974,Gaspar van den Hoecke,"BDP, M",24 November,2007‎,96,art,,
973,975,Răzvan Tincu,"BLP, M",24 July,2012‎,57,sports,,
974,976,Abu al-Abbas al-Nabati,"BDP, M",25 February,2012‎,274,acad,,
975,977,Lawrence Joel Veterans Memorial Coliseum,SOC,14 May,2005,806,sport,,
976,978,Cambodia at the 2008 Summer Paralympics,SOC,27 August,2008‎,68,sport,,
977,979,Olof Sundby,"BDP, M",30 November,2014‎,92,religion,,
978,980,Polymerase chain reaction,BHM,28 July,2001‎,74184,,,
979,981,Nebtyemneferes,"BDP, F",20 April,2010‎,70,gov,,
980,982,Bill Barber (musician),"BDP, M",29 June,2007‎,342,music,,
981,983,"Bobby Mitchell (footballer, born 1955)","BLP, M",1 June,2008‎,71,sports,,
982,984,British Mirpuri,SOC,7 April,2005‎,1172,other,,
983,985,"Vitolo (footballer, born 1989)","BLP, M",19 June,2011‎,2844,sports,,
984,986,Douglas Watt (politician),"BDP, M",8 January,2005‎,25,gov,,
985,987,Alistair Crane,"CA, 1991+",9 August,2005‎,614,Film & tv (soap character),,
986,988,Princess Priscilla's Fortnight,"CA, 1990-",4 December,2011‎,64,Lit,,
987,989,Auboué,"GEO, E",13 January,2008‎,83,WE FR,,
988,990,American Astronomical Society 215th meeting,SCI,12 January,2010‎,116,,,
989,991,Hemiandra,BHM,5 August,2005‎,105,,,
990,992,172nd Infantry Brigade (United States),HIST,7 November,2005‎,1392,MIL,,
991,993,Quiers,"GEO, E",27 May,2007‎,120,WE FR,,
992,994,HMS Barrosa (D68),HIST,30 April,2004‎,158,MIL,,
993,995,The Walk (2001 film),"CA, 1991+",6 October,2011‎,223,film,,
994,996,Power nap,BHM,29 April,2004‎,6566,,,
995,997,1993–94 Mexican Primera División season,SOC,17 November,2009‎,120,sport,,
996,998,Magnolia henryi,BHM,22 August,2007‎,67,,,
997,999,The Baby on the Barge,"CA, 1990-",7 October,2010‎,96,film,,
998,1000,Richard Tapper Cadbury,"BDP, M",30 July,2008‎,290,bus,,
